Artist,Album,,,,,,,,,
Paul Mumford,Sunrise,,,,,,,,,
Paul Mumford,Black King Snakes,,,,,,,,,
Paul Mumford,Deep Water,,,,,,,,,
Paul Mumford,Falling Feet First,,,,,,,,,
Paul Mumford,Summer,,,,,,,,,
Paul Mumford,Freedom,,,,,,,,,
Paul Mumford,Supernature,,,,,,,,,
Paul Mumford,Sleepwalker,,,,,,,,,
Paul Mumford,Spaceship Earth,,,,,,,,,
Paul Mumford,Beetlebird,,,,,,,,,
Paul Mumford,Autumbrella,,,,,,,,,
Paul Mumford,Winter,,,,,,,,,
Paul Lewis Mumford,Collage,,,,,,,,,
Keith Penguin,Keith Penguinâ€™s One-Man Gang Bang,,,,,,,,,
Codesounder,Sonic Boomer,,,,,,,,,
Earpill,Infinite Cardinals,,,,,,,,,
Starman Minor,Mystic Electronica,,,,,,,,,
,,,,,,,,,,
,,,,,,,,,,
,,,,,,,,,,
,,,,,,,,,,
,,,,,,,,,,
,,,,,,,,,,
,,,,,,,,,,
,,,,,,,,,,
,,,,,,,,,,
,,,,,,,,,,
,,,,,,,,,,
,,,,,,,,,,
,,,,,,,,,,
,,,,,,,,,,
,,,,,,,,,,
,,,,,,,,,,
,,,,,,,,,,
,,,,,,,,,,
,,,,,,,,,,
,,,,,,,,,,
,,,,,,,,,,
,,,,,,,,,,
,,,,,,,,,,
,,,,,,,,,,
,,,,,,,,,,
,,,,,,,,,,
,,,,,,,,,,